{"stats":{"minecraft:custom":{"minecraft:jump":71,"minecraft:time_since_rest":2383,"minecraft:damage_dealt":80,"minecraft:crouch_one_cm":25,"minecraft:sprint_one_cm":6317,"minecraft:play_time":2383,"minecraft:damage_taken":40,"minecraft:time_since_death":2383,"minecraft:walk_one_cm":3229,"minecraft:sneak_time":14,"minecraft:total_world_time":2383,"minecraft:mob_kills":1,"minecraft:fall_one_cm":1759,"minecraft:fly_one_cm":16373},"minecraft:used":{"minecraft:light_gray_wool":1,"minecraft:dirt":4},"minecraft:mined":{"minecraft:grass":3,"minecraft:grass_block":5},"minecraft:picked_up":{"minecraft:light_gray_wool":1,"minecraft:mutton":2,"minecraft:wheat_seeds":1,"minecraft:dirt":5},"minecraft:killed":{"minecraft:sheep":1}},"DataVersion":3465}